[{"code":"01","name":"Ain","label":"Ain (01)"},{"code":"06","name":"Alpes-Maritimes","label":"Alpes-Maritimes (06)"},{"code":"10","name":"Aube","label":"Aube (10)"},{"code":"11","name":"Aude","label":"Aude (11)"},{"code":"12","name":"Aveyron","label":"Aveyron (12)"},{"code":"13","name":"Bouches-du-Rh├┤ne","label":"Bouches-du-Rh├┤ne (13)"},{"code":"14","name":"Calvados","label":"Calvados (14)"},{"code":"18","name":"Cher","label":"Cher (18)"},{"code":"19","name":"Corr├¿ze","label":"Corr├¿ze (19)"},{"code":"21","name":"C├┤te-d'Or","label":"C├┤te-d'Or (21)"},{"code":"22","name":"C├┤tes-d'Armor","label":"C├┤tes-d'Armor (22)"},{"code":"24","name":"Dordogne","label":"Dordogne (24)"},{"code":"26","name":"Dr├┤me","label":"Dr├┤me (26)"},{"code":"27","name":"Eure","label":"Eure (27)"},{"code":"28","name":"Eure-et-Loir","label":"Eure-et-Loir (28)"},{"code":"29","name":"Finist├¿re","label":"Finist├¿re (29)"},{"code":"30","name":"Gard","label":"Gard (30)"},{"code":"31","name":"Haute-Garonne","label":"Haute-Garonne (31)"},{"code":"33","name":"Gironde","label":"Gironde (33)"},{"code":"34","name":"H├®rault","label":"H├®rault (34)"},{"code":"35","name":"Ille-et-Vilaine","label":"Ille-et-Vilaine (35)"},{"code":"37","name":"Indre-et-Loire","label":"Indre-et-Loire (37)"},{"code":"38","name":"Is├¿re","label":"Is├¿re (38)"},{"code":"39","name":"Jura","label":"Jura (39)"},{"code":"40","name":"Landes","label":"Landes (40)"},{"code":"41","name":"Loir-et-Cher","label":"Loir-et-Cher (41)"},{"code":"42","name":"Loire","label":"Loire (42)"},{"code":"43","name":"Haute-Loire","label":"Haute-Loire (43)"},{"code":"44","name":"Loire-Atlantique","label":"Loire-Atlantique (44)"},{"code":"45","name":"Loiret","label":"Loiret (45)"},{"code":"49","name":"Maine-et-Loire","label":"Maine-et-Loire (49)"},{"code":"51","name":"Marne","label":"Marne (51)"},{"code":"56","name":"Morbihan","label":"Morbihan (56)"},{"code":"57","name":"Moselle","label":"Moselle (57)"},{"code":"59","name":"Nord","label":"Nord (59)"},{"code":"60","name":"Oise","label":"Oise (60)"},{"code":"63","name":"Puy-de-D├┤me","label":"Puy-de-D├┤me (63)"},{"code":"64","name":"Pyr├®n├®es-Atlantiques","label":"Pyr├®n├®es-Atlantiques (64)"},{"code":"67","name":"Bas-Rhin","label":"Bas-Rhin (67)"},{"code":"68","name":"Haut-Rhin","label":"Haut-Rhin (68)"},{"code":"69","name":"Rh├┤ne","label":"Rh├┤ne (69)"},{"code":"71","name":"Sa├┤ne-et-Loire","label":"Sa├┤ne-et-Loire (71)"},{"code":"72","name":"Sarthe","label":"Sarthe (72)"},{"code":"74","name":"Haute-Savoie","label":"Haute-Savoie (74)"},{"code":"75","name":"Paris","label":"Paris (75)"},{"code":"76","name":"Seine-Maritime","label":"Seine-Maritime (76)"},{"code":"77","name":"Seine-et-Marne","label":"Seine-et-Marne (77)"},{"code":"78","name":"Yvelines","label":"Yvelines (78)"},{"code":"79","name":"Deux-S├¿vres","label":"Deux-S├¿vres (79)"},{"code":"81","name":"Tarn","label":"Tarn (81)"},{"code":"83","name":"Var","label":"Var (83)"},{"code":"85","name":"Vend├®e","label":"Vend├®e (85)"},{"code":"86","name":"Vienne","label":"Vienne (86)"},{"code":"87","name":"Haute-Vienne","label":"Haute-Vienne (87)"},{"code":"91","name":"Essonne","label":"Essonne (91)"},{"code":"92","name":"Hauts-de-Seine","label":"Hauts-de-Seine (92)"},{"code":"93","name":"Seine-Saint-Denis","label":"Seine-Saint-Denis (93)"},{"code":"94","name":"Val-de-Marne","label":"Val-de-Marne (94)"},{"code":"95","name":"Val-d'Oise","label":"Val-d'Oise (95)"},{"code":"972","name":"Martinique","label":"Martinique (972)"}]
